{
    "defaultSeverity": "error",
    "extends": [
        "tslint:recommended"
    ],
    "jsRules": {},
    "rules": {
        "arrow-parens": false,
        "no-console": false,
        "quotemark": [true, "single"],
        "trailing-comma": false,
        "member-ordering": [
            true,
            {
                "order": [
                    "static-field",
                    "instance-field",
                    "static-method",
                    "instance-method"
                ]
            }
        ],
        "only-arrow-functions": false,
        // extension-api-types submodules are subject to change. import only from "@tableau/extensions-api-types".
        "import-blacklist": [true, ["@tableau/extensions-api-types/.*"]]
    },
    "rulesDirectory": []
}
